sample	target_id	CHROM	START	END	target_name	cnvkit	exomedepth	cnmops	panelcnmops	freec	xhmm	conifer	jabcontool	gatk_gcnv	cnvkit_coords	exomedepth_coords	cnmops_coords	panelcnmops_coords	freec_coords	xhmm_coords	conifer_coords	jabcontool_coords	gatk_gcnv_coords	cnvkit_CN	exomedepth_CN	cnmops_CN	panelcnmops_CN	freec_CN	xhmm_CN	conifer_CN	jabcontool_CN	gatk_gcnv_CN	Count_Detected	n_DEL	n_DUP	consensus_type
BR-2264	16:16125810-16125911	16	16125810	16125911	ABCC1:16:16125810-16125911:exon27	0	DUP	0	DEL	DEL	0	0	0	0	0	16:16068135-16141312	0	16:16125801-16125944	16:16124741-16141312	0	0	0	0	0	3	0	0	1	0	0	0	0	3	2	1	DEL
BR-2264	1:196713735-196713917	1	196713735	196713917	CFH:1:196713735-196713917:exon10	0	DUP	DUP	DUP	0	0	0	0	0	0	1:196675947-196747382	1:196685032-196715818	1:196713662-196713961	0	0	0	0	0	0	3	4	4	0	0	0	0	0	3	0	3	DUP
BR-2264	1:196715593-196715769	1	196715593	196715769	CFH:1:196715593-196715769:exon11	0	DUP	DUP	DUP	0	0	0	0	0	0	1:196675947-196747382	1:196685032-196715818	1:196715593-196715788	0	0	0	0	0	0	3	4	4	0	0	0	0	0	3	0	3	DUP
BR-2264	1:196715593-196715773	1	196715593	196715773	CFH:1:196715593-196715773:exon11	0	DUP	DUP	DUP	0	0	0	0	0	0	1:196675947-196747382	1:196685032-196715818	1:196715593-196715788	0	0	0	0	0	0	3	4	4	0	0	0	0	0	3	0	3	DUP
BR-2264	17:31325820-31326252	17	31325820	31326252	NF1:17:31325820-31326252:exon36	0	DEL	DEL	DEL	0	0	0	0	0	0	17:31325818-31352432	17:31325787-31336969	17:31325817-31326274	0	0	0	0	0	0	0	0	0	0	0	0	0	0	3	3	0	DEL
BR-2264	17:31327499-31327839	17	31327499	31327839	NF1:17:31327499-31327839:exon37	0	DEL	DEL	DEL	0	0	0	0	0	0	17:31325818-31352432	17:31325787-31336969	17:31327487-31327857	0	0	0	0	0	0	0	0	0	0	0	0	0	0	3	3	0	DEL
BR-2264	17:31327667-31327839	17	31327667	31327839	NF1:17:31327667-31327839:exon4	0	DEL	DEL	DEL	0	0	0	0	0	0	17:31325818-31352432	17:31325787-31336969	17:31327487-31327857	0	0	0	0	0	0	0	0	0	0	0	0	0	0	3	3	0	DEL
BR-2264	17:31336333-31336473	17	31336333	31336473	NF1:17:31336333-31336473:exon40	0	DEL	DEL	DEL	0	0	0	0	0	0	17:31325818-31352432	17:31325787-31336969	17:31336318-31336939	0	0	0	0	0	0	0	0	0	0	0	0	0	0	3	3	0	DEL
BR-2264	17:31336635-31336914	17	31336635	31336914	NF1:17:31336635-31336914:exon41	0	DEL	DEL	DEL	0	0	0	0	0	0	17:31325818-31352432	17:31325787-31336969	17:31336318-31336939	0	0	0	0	0	0	0	0	0	0	0	0	0	0	3	3	0	DEL
BR-2264	7:5977588-5977714	7	5977588	5977714	PMS2:7:5977588-5977714:exon13	0	DUP	0	DUP	DUP	0	0	0	0	0	7:5973374-5978759	0	7:5977573-5977852	7:5592909-5982967	0	0	0	0	0	3	0	3	3	0	0	0	0	3	0	3	DUP
BR-2264	7:5977588-5977757	7	5977588	5977757	PMS2:7:5977588-5977757:exon14	0	DUP	0	DUP	DUP	0	0	0	0	0	7:5973374-5978759	0	7:5977573-5977852	7:5592909-5982967	0	0	0	0	0	3	0	3	3	0	0	0	0	3	0	3	DUP
BR-2264	7:5977588-5977790	7	5977588	5977790	PMS2:7:5977588-5977790:exon14	0	DUP	0	DUP	DUP	0	0	0	0	0	7:5973374-5978759	0	7:5977573-5977852	7:5592909-5982967	0	0	0	0	0	3	0	3	3	0	0	0	0	3	0	3	DUP
BR-2264	7:5977677-5977714	7	5977677	5977714	PMS2:7:5977677-5977714:exon14	0	DUP	0	DUP	DUP	0	0	0	0	0	7:5973374-5978759	0	7:5977573-5977852	7:5592909-5982967	0	0	0	0	0	3	0	3	3	0	0	0	0	3	0	3	DUP
BR-2264	7:5978596-5978696	7	5978596	5978696	PMS2:7:5978596-5978696:exon13	0	DUP	0	DUP	DUP	0	0	0	0	0	7:5973374-5978759	0	7:5978535-5978759	7:5592909-5982967	0	0	0	0	0	3	0	3	3	0	0	0	0	3	0	3	DUP
BR-2275	1:196685064-196685237	1	196685064	196685237	CFH:1:196685064-196685237:exon6	0	DEL	DEL	0	DEL	0	0	0	0	0	1:196679621-196742066	1:196685032-196715818	0	1:196685062-196701388	0	0	0	0	0	1	0	0	0	0	0	0	0	3	3	0	DEL
BR-2275	1:196689420-196689614	1	196689420	196689614	CFH:1:196689420-196689614:exon7	0	DEL	DEL	0	DEL	0	0	0	0	0	1:196679621-196742066	1:196685032-196715818	0	1:196685062-196701388	0	0	0	0	0	1	0	0	0	0	0	0	0	3	3	0	DEL
BR-2275	1:196689441-196689614	1	196689441	196689614	CFH:1:196689441-196689614:exon8	0	DEL	DEL	0	DEL	0	0	0	0	0	1:196679621-196742066	1:196685032-196715818	0	1:196685062-196701388	0	0	0	0	0	1	0	0	0	0	0	0	0	3	3	0	DEL
BR-2275	1:196689495-196689614	1	196689495	196689614	CFH:1:196689495-196689614:exon8	0	DEL	DEL	0	DEL	0	0	0	0	0	1:196679621-196742066	1:196685032-196715818	0	1:196685062-196701388	0	0	0	0	0	1	0	0	0	0	0	0	0	3	3	0	DEL
BR-2275	1:196690063-196690239	1	196690063	196690239	CFH:1:196690063-196690239:exon8	0	DEL	DEL	0	DEL	0	0	0	0	0	1:196679621-196742066	1:196685032-196715818	0	1:196685062-196701388	0	0	0	0	0	1	0	0	0	0	0	0	0	3	3	0	DEL
BR-2275	1:196690063-196690243	1	196690063	196690243	CFH:1:196690063-196690243:exon9	0	DEL	DEL	0	DEL	0	0	0	0	0	1:196679621-196742066	1:196685032-196715818	0	1:196685062-196701388	0	0	0	0	0	1	0	0	0	0	0	0	0	3	3	0	DEL
BR-2275	1:196690063-196690262	1	196690063	196690262	CFH:1:196690063-196690262:exon9	0	DEL	DEL	0	DEL	0	0	0	0	0	1:196679621-196742066	1:196685032-196715818	0	1:196685062-196701388	0	0	0	0	0	1	0	0	0	0	0	0	0	3	3	0	DEL
BR-2275	1:196701318-196701328	1	196701318	196701328	CFH:1:196701318-196701328:exon9	0	DEL	DEL	0	DEL	0	0	0	0	0	1:196679621-196742066	1:196685032-196715818	0	1:196685062-196701388	0	0	0	0	0	1	0	0	0	0	0	0	0	3	3	0	DEL
BR-2275	1:196701318-196701362	1	196701318	196701362	CFH:1:196701318-196701362:exon11	0	DEL	DEL	0	DEL	0	0	0	0	0	1:196679621-196742066	1:196685032-196715818	0	1:196685062-196701388	0	0	0	0	0	1	0	0	0	0	0	0	0	3	3	0	DEL
BR-2275	1:196713735-196713917	1	196713735	196713917	CFH:1:196713735-196713917:exon10	0	DEL	DEL	DEL	DEL	0	0	0	0	0	1:196679621-196742066	1:196685032-196715818	1:196713662-196713961	1:196713662-196737044	0	0	0	0	0	1	0	0	1	0	0	0	0	4	4	0	DEL
BR-2275	1:196715593-196715769	1	196715593	196715769	CFH:1:196715593-196715769:exon11	0	DEL	DEL	DEL	DEL	0	0	0	0	0	1:196679621-196742066	1:196685032-196715818	1:196715593-196715788	1:196713662-196737044	0	0	0	0	0	1	0	1	1	0	0	0	0	4	4	0	DEL
BR-2275	1:196715593-196715773	1	196715593	196715773	CFH:1:196715593-196715773:exon11	0	DEL	DEL	DEL	DEL	0	0	0	0	0	1:196679621-196742066	1:196685032-196715818	1:196715593-196715788	1:196713662-196737044	0	0	0	0	0	1	0	1	1	0	0	0	0	4	4	0	DEL
BR-2275	15:30925127-30925291	15	30925127	30925291	FAN1:15:30925127-30925291:exon9	0	DEL	0	DEL	0	0	0	0	DEL	0	15:30925122-30925326	0	15:30925121-30925326	0	0	0	0	15:30924872-30925536	0	1	0	1	0	0	0	0	1	3	3	0	DEL
