17	41196312	41197819	BRCA1	1	11
17	41196312	41197819	BRCA1	2	8
17	41196312	41197819	BRCA1	3	14
17	41196312	41197819	BRCA1	4	9
17	41196312	41197819	BRCA1	5	12
17	41196312	41197819	BRCA1	6	7
17	41196312	41197819	BRCA1	7	15
17	41196312	41197819	BRCA1	8	10
17	41196312	41197819	BRCA1	9	13
17	41196312	41197819	BRCA1	10	9
13	32889617	32889804	BRCA2	1	14
13	32889617	32889804	BRCA2	2	18
13	32889617	32889804	BRCA2	3	11
13	32889617	32889804	BRCA2	4	20
13	32889617	32889804	BRCA2	5	15
13	32889617	32889804	BRCA2	6	13
13	32889617	32889804	BRCA2	7	17
13	32889617	32889804	BRCA2	8	12
13	32889617	32889804	BRCA2	9	16
13	32889617	32889804	BRCA2	10	14
3	37034841	37035351	MLH1	1	16
3	37034841	37035351	MLH1	2	19
3	37034841	37035351	MLH1	3	13
3	37034841	37035351	MLH1	4	22
3	37034841	37035351	MLH1	5	17
3	37034841	37035351	MLH1	6	14
3	37034841	37035351	MLH1	7	20
3	37034841	37035351	MLH1	8	15
3	37034841	37035351	MLH1	9	18
3	37034841	37035351	MLH1	10	16
10	89624227	89653782	PTEN	1	201
10	89624227	89653782	PTEN	2	218
10	89624227	89653782	PTEN	3	195
10	89624227	89653782	PTEN	4	235
10	89624227	89653782	PTEN	5	209
10	89624227	89653782	PTEN	6	198
10	89624227	89653782	PTEN	7	222
10	89624227	89653782	PTEN	8	204
10	89624227	89653782	PTEN	9	216
10	89624227	89653782	PTEN	10	207
1	120454176	120612915	NOTCH2	1	13
1	120454176	120612915	NOTCH2	2	17
1	120454176	120612915	NOTCH2	3	10
1	120454176	120612915	NOTCH2	4	19
1	120454176	120612915	NOTCH2	5	14
1	120454176	120612915	NOTCH2	6	12
1	120454176	120612915	NOTCH2	7	16
1	120454176	120612915	NOTCH2	8	11
1	120454176	120612915	NOTCH2	9	15
1	120454176	120612915	NOTCH2	10	13
17	7571720	7573008	TP53	1	12
17	7571720	7573008	TP53	2	15
17	7571720	7573008	TP53	3	9
17	7571720	7573008	TP53	4	18
17	7571720	7573008	TP53	5	13
17	7571720	7573008	TP53	6	10
17	7571720	7573008	TP53	7	16
17	7571720	7573008	TP53	8	11
17	7571720	7573008	TP53	9	14
17	7571720	7573008	TP53	10	12
