17	41196312	41197819	BRCA1	1	145
17	41196312	41197819	BRCA1	2	152
17	41196312	41197819	BRCA1	3	138
17	41196312	41197819	BRCA1	4	161
17	41196312	41197819	BRCA1	5	149
17	41196312	41197819	BRCA1	6	143
17	41196312	41197819	BRCA1	7	156
17	41196312	41197819	BRCA1	8	148
17	41196312	41197819	BRCA1	9	162
17	41196312	41197819	BRCA1	10	155
17	41215349	41215390	BRCA1	1	12
17	41215349	41215390	BRCA1	2	8
17	41215349	41215390	BRCA1	3	15
17	41215349	41215390	BRCA1	4	11
17	41215349	41215390	BRCA1	5	9
17	41215349	41215390	BRCA1	6	14
17	41215349	41215390	BRCA1	7	10
17	41215349	41215390	BRCA1	8	13
17	41215349	41215390	BRCA1	9	7
17	41215349	41215390	BRCA1	10	11
17	41219625	41219712	BRCA1	1	67
17	41219625	41219712	BRCA1	2	72
17	41219625	41219712	BRCA1	3	58
17	41219625	41219712	BRCA1	4	81
17	41219625	41219712	BRCA1	5	74
17	41219625	41219712	BRCA1	6	63
17	41219625	41219712	BRCA1	7	79
17	41219625	41219712	BRCA1	8	68
17	41219625	41219712	BRCA1	9	75
17	41219625	41219712	BRCA1	10	70
17	7571720	7573008	TP53	1	31
17	7571720	7573008	TP53	2	28
17	7571720	7573008	TP53	3	35
17	7571720	7573008	TP53	4	22
17	7571720	7573008	TP53	5	18
17	7571720	7573008	TP53	6	25
17	7571720	7573008	TP53	7	30
17	7571720	7573008	TP53	8	19
17	7571720	7573008	TP53	9	24
17	7571720	7573008	TP53	10	27
13	32889617	32889804	BRCA2	1	198
13	32889617	32889804	BRCA2	2	204
13	32889617	32889804	BRCA2	3	187
13	32889617	32889804	BRCA2	4	211
13	32889617	32889804	BRCA2	5	195
13	32889617	32889804	BRCA2	6	209
13	32889617	32889804	BRCA2	7	193
13	32889617	32889804	BRCA2	8	201
13	32889617	32889804	BRCA2	9	197
13	32889617	32889804	BRCA2	10	206
3	37034841	37035351	MLH1	1	88
3	37034841	37035351	MLH1	2	92
3	37034841	37035351	MLH1	3	85
3	37034841	37035351	MLH1	4	95
3	37034841	37035351	MLH1	5	90
3	37034841	37035351	MLH1	6	87
3	37034841	37035351	MLH1	7	93
3	37034841	37035351	MLH1	8	89
3	37034841	37035351	MLH1	9	91
3	37034841	37035351	MLH1	10	86
10	89624227	89653782	PTEN	1	110
10	89624227	89653782	PTEN	2	118
10	89624227	89653782	PTEN	3	105
10	89624227	89653782	PTEN	4	122
10	89624227	89653782	PTEN	5	115
10	89624227	89653782	PTEN	6	108
10	89624227	89653782	PTEN	7	119
10	89624227	89653782	PTEN	8	113
10	89624227	89653782	PTEN	9	116
10	89624227	89653782	PTEN	10	111
